﻿Designator,Footprint,Quantity,Value,LCSC Part #
C1,0805,1,4.7uF,C98192
"C10, C11, C12, C20, C22, C3, C32, C33, C4, C5, C6, C8, C9",0402,13,1uF,C29266
"C13, C14",0402,2,15p,C106997
"C15, C16",0402,2,10u,C15525
"C17, C18, C19, C21, C23, C24, C25, C26, C27, C28, C31, C7",0402,12,100n,C110251
C2,0402,1,4.7uF,C307423
"C29, C30",CP_Elec_3x5.3,2,100uF,
"D1, D2, D3",D_SOD-123,3,MBR0530,C475718
"D4, D5",D_SOD-923,2,ESD9B3.3ST5G,C3021104
D6,D_SOD-323,1,LBAT54HT1G,C12744
J1,USB_C_Receptacle_Molex_105450-0101,1,USB_C_Receptacle,C134092
J11,3009,1,BAT-HLD-001-THM,
J2,Hirose_FH12-24S-0.5SH_1x24-1MP_P0.50mm_Horizontal,1,Conn_01x24,C262669
L1,1812,1,68uH,C394989
Q1,SOT-323_SC-70,1,Si1308EDL,C4355112
Q2,SOT-23,1,AO3401A,C15127
Q3,SOT-23,1,2N7002,C8545
"R1, R10, R13, R14",0402,4,10k,C60490
"R11, R9",0402,2,47k,C25792
"R12, R3",0402,2,5.1k,C105872
R2,0402,1,3,C321178
"R4, R6",0402,2,1k,C106235
R5,0402,1,DNF,dnf
"R7, R8",0402,2,27,C25100
"SW1, SW2",PTS810SJM250SMTRLFS,2,SW_MEC_5E,C116501
"SW3, SW4, SW5",Panasonic-EVP-AKE31A-MFG,3,EVP-AKE31A,C569760
TP1,display,1,TestPoint,dnf
U1,SOT-23-5,1,MCP1802x-xx02xOT,C48292
U4,SON50P300X200X60-9N,1,ZD25WQ32CEIGR,C5258281
U5,QFN-56-1EP_7x7mm_P0.4mm_EP3.2x3.2mm,1,RP2040,C2040
Y1,Crystal_SMD_3225-4Pin_3.2x2.5mm,1,ABM8-272-T3,C50430
